<?xml version='1.0' encoding='utf-8'?>
<!-- Copyright (c) 2016-Present Webkul Software Pvt. Ltd. (<https://webkul.com/>) -->
<!-- See LICENSE file for full copyright and licensing details. -->
<!-- License URL : <https://store.webkul.com/license.html/> -->
<odoo>
    <data noupdate="1">
       <record id="wk_res_partner_3" model="res.partner">
            <field name="name">Webkul</field>
            <field name="is_company">1</field>
            <field name="city">Noida</field>
            <field name="zip">201308</field>
            <field name="country_id" ref="base.in"/>
            <field name="street">A-67 Sector-63</field>
            <field name="email">demo@demo.com</field>
            <field name="phone">+919874563211</field>
            <field name="website">http://www.webkul.com</field>
            <field name="image" type="base64" file="pos_wallet_management/static/description/webkul_icon.png"/>
        </record>
        <record id="pos_demo_wallet_1" model="pos.wallet">
            <field name="partner_id" ref="wk_res_partner_3"/>
            <field name="state">draft</field>
        </record>
        <function
            id="demo_wallet_confirm"
            model="pos.wallet"
            name="create_demo_data"
        />
    </data>
</odoo>